<?xml version="1.0" encoding="UTF-8"?>
<project-private xmlns="http://www.netbeans.org/ns/project-private/1">
    <editor-bookmarks xmlns="http://www.netbeans.org/ns/editor-bookmarks/2" lastBookmarkId="0"/>
    <open-files xmlns="http://www.netbeans.org/ns/projectui-open-files/2">
        <group>
            <file>file:/C:/xampp/htdocs/SIS_projekt/public_html/msgs.txt</file>
            <file>file:/C:/xampp/htdocs/SIS_projekt/public_html/komentari.php</file>
            <file>file:/C:/xampp/htdocs/SIS_projekt/public_html/spremiPodatke.php</file>
            <file>file:/C:/xampp/htdocs/SIS_projekt/public_html/index.php</file>
            <file>file:/C:/xampp/htdocs/SIS_projekt/public_html/info.txt</file>
            <file>file:/C:/xampp/htdocs/SIS_projekt/public_html/spremi.php</file>
            <file>file:/C:/xampp/htdocs/SIS_projekt/public_html/baza.class.php</file>
        </group>
    </open-files>
</project-private>
